Workbook

Sheet 0. Instruções
B2: Bem-vindo(a) à Planilha de Simulação de Remuneração de Estágio do Senado Federal!
B4: Objetivo | C4: Esta planilha foi desenvolvida para ajudar você, estagiário(a), a ter uma estimativa da sua remuneração mensal, composta pela Bolsa de Estágio e pelo Auxílio-Transporte. Lembre-se de que este é um cálculo aproximado e os valores finais são sempre processados oficialmente pelo agente integrador (como o CIEE) com base nas informações fornecidas pelo Serviço de Gestão de Estágios (SGEST) do Senado.
B8: Infos Geras | C8: Os valores base para o cálculo (valor mensal da Bolsa de Estágio e valor diário do Auxílio-Transporte) são definidos pelo Senado e estão configurados em uma base de dados interna desta planilha.
C10: A lista de feriados e pontos facultativos utilizada para o cálculo do Auxílio-Transporte é a oficial do Senado Federal e também está configurada internamente.
B12: Preencha somente as células indicadas abaixo:
B14: No campo "Coloque a data em que você entrou no senado" (célula J5 na aba "1.Painel"): Clique na célula e selecione na lista suspensa o seu mês de entrada no Senado. (Ex. "05/11/2024")
B17: No campo "Mês do pagamento" (célula J6 na aba "1.Painel"): Clique na célula e selecione na lista suspensa o mês para o qual você deseja a estimativa. (Ex: "Julho - 2025").
B20: "Quantos dias você não veio presencialmente ao Senado?" - Mês anterior" (célula J12): Preencha conforme suas ausências do mês anterior. Caso você tenha iniciado seu estágio no mesmo mês do pagamento, deixe em branco ou coloque 0. Caso seja seu segundo mês ou posterior e não haja qualquer tipo de ausência, coloque 0.
B23: "Desses dias, quantos foram faltas injustificadas?" - Mês anterior" (célula J15): Preencha conforme suas faltas injustificadas do mês anterior. Caso você tenha iniciado seu estágio no mesmo mês do pagamento, deixe em branco ou coloque 0. Caso seja seu segundo mês ou posterior e não haja qualquer tipo de ausência, coloque 0.

Sheet 1. Painel
I1: Painel de Simulação de Bolsa Estágio
B4: OBS. Preencha somente as células cinzas! | I4: 1. Passo - Configuração das datas e dias
I5: Coloque a data em que você entrou no senado -> | J5: 46280 | L5: Obs: O valor referido ao "Mês de Pagamento" sempre é pago no 5º dia útil do próximo mês.
I6: Mês do Pagamento | J6: 46266
I7: Dias Úteis (Mês Atual) | J7: =VLOOKUP($J$6,'Validação de Dados'!$B:$D,3,0) -> 21
I8: Dias Úteis (Mês Anterior) | J8: =VLOOKUP(DATE(YEAR('1. Painel'!J6-1),MONTH('1. Painel'!J6-1),1),'Validação de Dados'!B:D,3,0) -> 21 | L8: ="Exemplo: Pagamento do mês de "&TEXT(J6, "mmmm")&" é feito no 5º dia útil do mês de "&TEXT(EDATE(J6, 1), "mmmm") -> Exemplo: Pagamento do mês de setembro é feito no 5º dia útil do mês de outubro
I11: ="2. Passo - Configuração de Faltas (Injustificadas e outros) - mês de "&UPPER('Validação de Dados'!H3) -> 2. Passo - Configuração de Faltas (Injustificadas e outros) - mês de AGOSTO
B12: Valor Bolsa | F12: 1639.53 | I12: ="Quantos dias ÚTEIS você NÃO veio presencialmente ao senado? - "& UPPER('Validação de Dados'!H3) -> Quantos dias ÚTEIS você NÃO veio presencialmente ao senado? - AGOSTO | J12: 0
B13: Valor Bolsa (Diário) | F13: =F12/30 -> 54.651
B14: Valor AT (Diário) | F14: 13.5
B15: Data Inicio - Pagamento | F15: =DATE(YEAR('1. Painel'!J6),MONTH('1. Painel'!J6),1) -> 46266 | I15: ="Desses dias, quantos foram FALTAS INJUSTIFICADAS? - " &UPPER('Validação de Dados'!H3) -> Desses dias, quantos foram FALTAS INJUSTIFICADAS? - AGOSTO | J15: 0
B16: Data Fim - Pagamento | F16: =EOMONTH('1. Painel'!J6,0) -> 46295
I20: Valor total do Mês | J20: ='2. Calculadora de Pagamentos'!N4+('2. Calculadora de Pagamentos'!N6*'1. Painel'!J7) -> 1923.03
I21: Descontos da Bolsa | J21: ='2. Calculadora de Pagamentos'!I17 -> 765.114
I22: Descontos de Auxílio Transporte | J22: ='2. Calculadora de Pagamentos'!I18 -> 121.5
I23: Valor Estimado a receber | J23: =J20-SUM(J21:J22) -> 1036.416

Sheet 2. Calculadora de Pagamentos
D1: Calculadora de Pagamentos Detalhada - Estagiários
D4: Descontos dos Entrantes | K4: Valor Bolsa | N4: 1639.53
D5: ="Dias Desc. (Bolsa - Entrantes - "&'Validação de Dados'!H2&")" -> Dias Desc. (Bolsa - Entrantes - setembro) | I5: =IF('1. Painel'!J5>'2. Calculadora de Pagamentos'!N7,DAY('1. Painel'!J5)-1, 0) -> 14 | K5: Valor Bolsa (Diário) | N5: =N4/30 -> 54.651
D6: ="Valor Desc. (Bolsa - Entrantes - "&'Validação de Dados'!H2&")" -> Valor Desc. (Bolsa - Entrantes - setembro) | I6: =$I$5*$N$5 -> 765.114 | K6: Valor AT (Diário) | N6: 13.5
D7: ="Dias Desc. (A.T Entrantes - "&'Validação de Dados'!$H$2&" - "&'1. Painel'!$J$7&" dias úteis)" -> Dias Desc. (A.T Entrantes - setembro - 21 dias úteis) | I7: =IF(I5=0,0,NETWORKDAYS('1. Painel'!J6,'1. Painel'!J5-1,INDEX('Feriados e Ptos Fac. Senado'!B2:G13,MATCH('1. Painel'!J6,'Feriados e Ptos Fac. Senado'!A2:A13,0),0))) -> 9 | K7: Data Inicio - Pagamento | N7: =DATE(YEAR('1. Painel'!J6),MONTH('1. Painel'!J6),1) -> 46266
D8: ="Valor Desc. (A.T Entrantes - "&'Validação de Dados'!$H$2&" - "&'1. Painel'!$J$7&" dias úteis)" -> Valor Desc. (A.T Entrantes - setembro - 21 dias úteis) | I8: =I7*N6 -> 121.5 | K8: Data Fim - Pagamento | N8: =EOMONTH('1. Painel'!J6,0) -> 46295
D10: Descontos o mês anterior
D11: ="Dias Desc. (Bolsa - "&'Validação de Dados'!H3&")" -> Dias Desc. (Bolsa - agosto) | I11: ='1. Painel'!J15 -> 0 | K11: Data Início Estagio | N11: ='1. Painel'!J5 -> 46280
D12: ="Valor Desc. (Bolsa - "&'Validação de Dados'!H3&")"")" -> Valor Desc. (Bolsa - agosto)") | I12: =I11*$N$5 -> 0
D13: ="Dias Desconto (AT - "&'Validação de Dados'!$H$3&" - "&'1. Painel'!$J$8&" dias úteis)" -> Dias Desconto (AT - agosto - 21 dias úteis) | I13: =SUM('1. Painel'!J12) -> 0 | K13: Data Final Estagio | N13: =N11+(365*2 -1) -> 47009
D14: ="Valor Desconto (AT - "&'Validação de Dados'!$H$3&" - "&'1. Painel'!$J$8&" dias úteis)" -> Valor Desconto (AT - agosto - 21 dias úteis) | I14: =I13*$N$6 -> 0
D16: Descontos Totais
D17: Total de Descontos (Bolsa) | I17: =SUM(I6,I12) -> 765.114
D18: Total de Descontos (AT) | I18: =SUM(I8,I14) -> 121.5
D19: Total de Descontos (GERAL) | I19: =SUM(I18,I17) -> 886.614
D21: Recebimentos
D22: Valor a Receber (Bolsa) | I22: =$N$4-I17 -> 874.416
D23: ="Valor a Receber (Aux-Transp. - "&'1. Painel'!J7&" DIAS ÚTEIS)" -> Valor a Receber (Aux-Transp. - 21 DIAS ÚTEIS) | I23: =($N$6*'1. Painel'!$J$7)-I18 -> 162
D24: Total a Receber | I24: =SUM(I22,I23) -> 1036.416

Sheet Validação de Dados
B2: Lista Dias_Meses | C2: Lista Meses | D2: Dias úteis | F2: Mês de Pagamento | G2: ='1. Painel'!J6 -> 46266 | H2: =TEXT('1. Painel'!J6,"mmmm") -> setembro
B3: 46023 | C3: Janeiro | D3: ='Feriados e Ptos Fac. Senado'!H2 -> 21 | F3: Mês Anterior | G3: =G2-1 -> 46265 | H3: =TEXT(G3,"mmmm") -> agosto
B4: 46054 | C4: Fevereiro | D4: ='Feriados e Ptos Fac. Senado'!H3 -> 17
B5: 46082 | C5: Março | D5: ='Feriados e Ptos Fac. Senado'!H4 -> 22
B6: 46113 | C6: Abril | D6: ='Feriados e Ptos Fac. Senado'!H5 -> 18
B7: 46143 | C7: Maio | D7: ='Feriados e Ptos Fac. Senado'!H6 -> 20
B8: 46174 | C8: Junho | D8: ='Feriados e Ptos Fac. Senado'!H7 -> 19
B9: 46204 | C9: Julho | D9: ='Feriados e Ptos Fac. Senado'!H8 -> 23
B10: 46235 | C10: Agosto | D10: ='Feriados e Ptos Fac. Senado'!H9 -> 21
B11: 46266 | C11: Setembro | D11: ='Feriados e Ptos Fac. Senado'!H10 -> 21
B12: 46296 | C12: Outubro | D12: ='Feriados e Ptos Fac. Senado'!H11 -> 20
B13: 46327 | C13: Novembro | D13: ='Feriados e Ptos Fac. Senado'!H12 -> 19
B14: 46357 | C14: Dezembro | D14: ='Feriados e Ptos Fac. Senado'!H13 -> 20

Sheet Feriados e Ptos Fac. Senado
A1: Meses | B1: Feriados e Pontos Facultativos em dias úteis | H1: Dias úteis
A2: 46023 | B2: 46023 | H2: =NETWORKDAYS(A2,EOMONTH(A2,0),B2:G2) -> 21
A3: 46054 | B3: 46069 | C3: 46070 | D3: 46071 | H3: =NETWORKDAYS(A3,EOMONTH(A3,0),B3:G3) -> 17
A4: 46082 | H4: =NETWORKDAYS(A4,EOMONTH(A4,0),B4:G4) -> 22
A5: 46113 | B5: 46114 | C5: 46115 | D5: 46132 | E5: 46133 | H5: =NETWORKDAYS(A5,EOMONTH(A5,0),B5:G5) -> 18
A6: 46143 | B6: 46143 | H6: =NETWORKDAYS(A6,EOMONTH(A6,0),B6:G6) -> 20
A7: 46174 | B7: 46177 | C7: 46178 | D7: 46202 | H7: =NETWORKDAYS(A7,EOMONTH(A7,0),B7:G7) -> 19
A8: 46204 | H8: =NETWORKDAYS(A8,EOMONTH(A8,0),B8:G8) -> 23
A9: 46235 | H9: =NETWORKDAYS(A9,EOMONTH(A9,0),B9:G9) -> 21
A10: 46266 | B10: 46272 | H10: =NETWORKDAYS(A10,EOMONTH(A10,0),B10:G10) -> 21
A11: 46296 | B11: 46307 | C11: 46323 | H11: =NETWORKDAYS(A11,EOMONTH(A11,0),B11:G11) -> 20
A12: 46327 | B12: 46328 | C12: 46341 | D12: 46346 | H12: =NETWORKDAYS(A12,EOMONTH(A12,0),B12:G12) -> 19
A13: 46357 | B13: 46380 | C13: 46381 | D13: 46387 | H13: =NETWORKDAYS(A13,EOMONTH(A13,0),B13:G13) -> 20
